filename,width,height,class,xmin,ymin,xmax,ymax
_DSC1216.JPG,800,1200,sugar beet,528,109,694,275
_DSC1216.JPG,800,1200,sugar beet,519,624,703,787
_DSC1217.JPG,800,1200,sugar beet,387,33,571,209
_DSC1217.JPG,800,1200,sugar beet,373,511,665,694
_DSC1217.JPG,800,1200,sugar beet,412,1049,589,1199
_DSC1218.JPG,800,1200,sugar beet,518,203,594,354
_DSC1218.JPG,800,1200,sugar beet,425,562,618,854
_DSC1219.JPG,800,1200,sugar beet,476,697,551,805
_DSC1219.JPG,800,1200,sugar beet,417,1,689,156
_DSC1219.JPG,800,1200,sugar beet,442,1151,510,1200
_DSC1220.JPG,800,1200,sugar beet,375,609,668,808
_DSC1220.JPG,800,1200,sugar beet,419,220,636,358
_DSC1220.JPG,800,1200,sugar beet,514,1,550,47
_DSC1221.JPG,800,1200,sugar beet,455,56,664,232
_DSC1221.JPG,800,1200,sugar beet,460,628,683,872
_DSC1221.JPG,800,1200,sugar beet,335,1104,566,1200
_DSC1224.JPG,800,1200,sugar beet,355,646,489,770
_DSC1224.JPG,800,1200,sugar beet,442,130,518,230
_DSC1226.JPG,800,1200,sugar beet,368,480,560,697
_DSC1226.JPG,800,1200,field bindweed,161,727,541,1196
_DSC1227.JPG,800,533,field bindweed,451,84,654,334
_DSC1227.JPG,800,533,sugar beet,239,222,339,357
_DSC1228.JPG,800,533,field bindweed,306,205,422,338
_DSC1228.JPG,800,533,field bindweed,473,138,545,179
_DSC1228.JPG,800,533,field bindweed,560,110,619,157
_DSC1228.JPG,800,533,field bindweed,607,1,649,63
_DSC1228.JPG,800,533,field bindweed,671,1,712,66
_DSC1228.JPG,800,533,sugar beet,543,1,605,47
_DSC1229.JPG,800,1200,sugar beet,531,44,659,182
_DSC1229.JPG,800,1200,sugar beet,449,538,664,641
_DSC1229.JPG,800,1200,sugar beet,506,958,659,1200
_DSC1229.JPG,800,1200,field bindweed,228,882,350,952
_DSC1229.JPG,800,1200,field bindweed,241,416,328,529
_DSC1229.JPG,800,1200,field bindweed,269,530,354,637
_DSC1229.JPG,800,1200,field bindweed,454,597,621,709
_DSC1229.JPG,800,1200,field bindweed,550,758,603,820
_DSC1229.JPG,800,1200,field bindweed,485,752,530,804
_DSC1229.JPG,800,1200,field bindweed,27,206,221,365
_DSC1229.JPG,800,1200,field bindweed,404,1044,764,1200
_DSC1230.JPG,800,533,sugar beet,118,108,274,274
_DSC1230.JPG,800,533,sugar beet,419,169,504,227
_DSC1230.JPG,800,533,field bindweed,643,135,673,163
_DSC1230.JPG,800,533,field bindweed,316,141,367,197
_DSC1230.JPG,800,533,field bindweed,351,164,405,223
_DSC1230.JPG,800,533,field bindweed,430,126,505,165
_DSC1230.JPG,800,533,field bindweed,436,219,509,279
_DSC1230.JPG,800,533,field bindweed,292,408,328,463
_DSC1231.JPG,800,533,field bindweed,406,253,497,479
_DSC1231.JPG,800,533,field bindweed,126,182,160,225
_DSC1231.JPG,800,533,field bindweed,182,38,225,74
_DSC1231.JPG,800,533,field bindweed,196,1,263,31
_DSC1233.JPG,800,1200,sugar beet,294,409,446,604
_DSC1233.JPG,800,1200,sugar beet,290,897,507,1141
_DSC1234.JPG,800,533,sugar beet,356,181,480,345
_DSC1234.JPG,800,533,sugar beet,1,203,110,372
_DSC1234.JPG,800,533,field bindweed,528,322,580,365
_DSC1234.JPG,800,533,field bindweed,530,366,565,408
_DSC1235.JPG,800,1200,sugar beet,364,633,470,727
_DSC1235.JPG,800,1200,sugar beet,17,635,107,746
_DSC1235.JPG,800,1200,sugar beet,83,657,171,781
_DSC1235.JPG,800,1200,sugar beet,722,603,800,703
_DSC1235.JPG,800,1200,sugar beet,79,884,200,1011
_DSC1235.JPG,800,1200,field bindweed,619,925,704,1010
_DSC1235.JPG,800,1200,field bindweed,714,901,800,947
_DSC1235.JPG,800,1200,field bindweed,497,923,556,975
_DSC1235.JPG,800,1200,field bindweed,389,794,470,875
_DSC1235.JPG,800,1200,field bindweed,594,762,691,836
_DSC1235.JPG,800,1200,field bindweed,482,691,643,834
_DSC1235.JPG,800,1200,field bindweed,508,600,552,647
_DSC1235.JPG,800,1200,field bindweed,386,448,422,492
_DSC1235.JPG,800,1200,field bindweed,666,508,723,555
_DSC1235.JPG,800,1200,field bindweed,24,464,88,529
_DSC1235.JPG,800,1200,field bindweed,178,646,274,829
_DSC1235.JPG,800,1200,field bindweed,199,555,232,594
_DSC1235.JPG,800,1200,field bindweed,22,364,136,416
_DSC1235.JPG,800,1200,field bindweed,621,363,732,423
_DSC1235.JPG,800,1200,field bindweed,543,402,559,428
_DSC1235.JPG,800,1200,field bindweed,762,564,800,610
_DSC1235.JPG,800,1200,field bindweed,197,870,233,897
_DSC1235.JPG,800,1200,field bindweed,383,599,417,631
_DSC1235.JPG,800,1200,field bindweed,447,870,499,936
_DSC1236.JPG,800,533,sugar beet,33,178,75,245
_DSC1236.JPG,800,533,sugar beet,187,197,242,244
_DSC1236.JPG,800,533,sugar beet,314,204,388,258
_DSC1236.JPG,800,533,sugar beet,531,221,577,299
_DSC1236.JPG,800,533,sugar beet,713,242,751,275
_DSC1236.JPG,800,533,field bindweed,643,308,730,440
_DSC1236.JPG,800,533,field bindweed,451,296,517,427
_DSC1236.JPG,800,533,field bindweed,299,281,319,322
_DSC1236.JPG,800,533,field bindweed,269,342,324,416
_DSC1236.JPG,800,533,field bindweed,326,417,371,454
_DSC1236.JPG,800,533,field bindweed,95,414,145,514
_DSC1236.JPG,800,533,field bindweed,208,496,256,533
_DSC1236.JPG,800,533,field bindweed,127,295,163,332
_DSC1236.JPG,800,533,field bindweed,492,78,523,113
_DSC1236.JPG,800,533,field bindweed,454,101,531,232
_DSC1236.JPG,800,533,field bindweed,700,83,760,166
_DSC1236.JPG,800,533,field bindweed,651,19,692,75
_DSC1236.JPG,800,533,field bindweed,707,25,734,63
_DSC1236.JPG,800,533,field bindweed,423,58,468,87
_DSC1236.JPG,800,533,field bindweed,367,1,452,73
_DSC1236.JPG,800,533,field bindweed,264,2,304,36
_DSC1236.JPG,800,533,field bindweed,158,44,190,55
_DSC1236.JPG,800,533,field bindweed,90,170,153,256
_DSC1236.JPG,800,533,field bindweed,175,315,197,335
_DSC1236.JPG,800,533,field bindweed,636,192,672,247
_DSC1237.JPG,800,533,sugar beet,91,171,168,226
_DSC1237.JPG,800,533,sugar beet,465,214,515,274
_DSC1237.JPG,800,533,sugar beet,636,214,695,292
_DSC1237.JPG,800,533,field bindweed,454,431,523,532
_DSC1237.JPG,800,533,field bindweed,165,468,283,526
_DSC1237.JPG,800,533,field bindweed,108,396,166,473
_DSC1237.JPG,800,533,field bindweed,38,324,94,380
_DSC1237.JPG,800,533,field bindweed,208,1,251,56
_DSC1237.JPG,800,533,field bindweed,361,1,399,64
_DSC1237.JPG,800,533,field bindweed,700,217,788,301
_DSC1237.JPG,800,533,field bindweed,750,80,781,101
_DSC1237.JPG,800,533,field bindweed,304,338,335,361
_DSC1237.JPG,800,533,field bindweed,771,354,797,400
_DSC1238.JPG,800,533,sugar beet,630,69,730,144
_DSC1238.JPG,800,533,field bindweed,761,207,795,235
_DSC1238.JPG,800,533,field bindweed,386,138,419,199
_DSC1238.JPG,800,533,field bindweed,474,127,510,161
_DSC1238.JPG,800,533,field bindweed,406,210,448,243
_DSC1238.JPG,800,533,field bindweed,461,264,526,344
_DSC1238.JPG,800,533,field bindweed,531,253,603,322
_DSC1238.JPG,800,533,field bindweed,465,360,518,380
_DSC1238.JPG,800,533,field bindweed,403,409,430,451
_DSC1238.JPG,800,533,field bindweed,306,347,347,413
_DSC1238.JPG,800,533,field bindweed,60,188,140,343
_DSC1238.JPG,800,533,field bindweed,86,371,131,400
_DSC1238.JPG,800,533,field bindweed,53,139,108,186
_DSC1238.JPG,800,533,field bindweed,238,52,280,119
_DSC1238.JPG,800,533,field bindweed,210,121,267,187
_DSC1238.JPG,800,533,field bindweed,12,67,28,92
_DSC1239.JPG,800,1200,sugar beet,695,175,784,263
_DSC1239.JPG,800,1200,field bindweed,664,333,799,490
_DSC1239.JPG,800,1200,field bindweed,173,644,513,777
_DSC1239.JPG,800,1200,field bindweed,114,711,151,775
_DSC1239.JPG,800,1200,field bindweed,459,490,508,524
_DSC1239.JPG,800,1200,field bindweed,454,877,554,968
_DSC1239.JPG,800,1200,field bindweed,571,948,650,999
_DSC1239.JPG,800,1200,field bindweed,447,1158,543,1200
_DSC1239.JPG,800,1200,field bindweed,104,1075,216,1171
_DSC1239.JPG,800,1200,field bindweed,95,325,152,366
_DSC1239.JPG,800,1200,field bindweed,494,154,600,267
_DSC1240.JPG,800,533,sugar beet,371,136,441,214
_DSC1240.JPG,800,533,sugar beet,527,191,608,244
_DSC1240.JPG,800,533,field bindweed,355,304,463,375
_DSC1240.JPG,800,533,field bindweed,157,226,210,266
_DSC1240.JPG,800,533,sugar beet,34,148,90,186
_DSC1240.JPG,800,533,field bindweed,1,427,54,466
_DSC1240.JPG,800,533,field bindweed,325,13,373,64
_DSC1240.JPG,800,533,field bindweed,61,4,130,102
_DSC1240.JPG,800,533,field bindweed,39,321,84,361
_DSC1240.JPG,800,533,field bindweed,645,368,680,400
_DSC1240.JPG,800,533,field bindweed,746,22,794,74
_DSC1240.JPG,800,533,field bindweed,450,140,484,168
_DSC1240.JPG,800,533,field bindweed,441,178,471,219
_DSC1240.JPG,800,533,field bindweed,502,75,626,209
_DSC1241.JPG,800,1200,sugar beet,414,362,466,442
_DSC1241.JPG,800,1200,sugar beet,574,1072,675,1175
_DSC1241.JPG,800,1200,sugar beet,657,474,727,562
_DSC1241.JPG,800,1200,sugar beet,668,221,753,300
_DSC1241.JPG,800,1200,field bindweed,191,424,275,519
_DSC1241.JPG,800,1200,field bindweed,65,544,117,618
_DSC1241.JPG,800,1200,field bindweed,193,565,297,619
_DSC1241.JPG,800,1200,field bindweed,250,727,298,813
_DSC1241.JPG,800,1200,field bindweed,370,1023,441,1075
_DSC1241.JPG,800,1200,field bindweed,308,1124,411,1200
_DSC1241.JPG,800,1200,field bindweed,419,816,580,894
_DSC1241.JPG,800,1200,sugar beet,714,47,792,129
_DSC1242.JPG,800,533,sugar beet,466,90,530,153
_DSC1242.JPG,800,533,sugar beet,645,140,710,180
_DSC1242.JPG,800,533,sugar beet,103,67,169,141
_DSC1242.JPG,800,533,sugar beet,267,113,324,152
_DSC1242.JPG,800,533,sugar beet,284,414,311,463
_DSC1242.JPG,800,533,field bindweed,356,131,467,257
_DSC1242.JPG,800,533,field bindweed,209,113,257,181
_DSC1242.JPG,800,533,field bindweed,208,2,340,97
_DSC1242.JPG,800,533,field bindweed,39,164,77,221
_DSC1242.JPG,800,533,field bindweed,34,246,74,288
_DSC1242.JPG,800,533,field bindweed,7,417,58,450
_DSC1242.JPG,800,533,sugar beet,1,70,51,118
_DSC1242.JPG,800,533,field bindweed,435,16,518,74
_DSC1242.JPG,800,533,field bindweed,196,318,284,370
_DSC1247.JPG,800,533,sugar beet,438,2,574,56
_DSC1247.JPG,800,533,sugar beet,1,1,122,92
_DSC1247.JPG,800,533,field bindweed,161,55,271,89
_DSC1247.JPG,800,533,field bindweed,359,121,441,174
_DSC1247.JPG,800,533,field bindweed,697,8,800,262
_DSC1247.JPG,800,533,field bindweed,544,251,567,304
_DSC1247.JPG,800,533,field bindweed,751,314,787,343
_DSC1247.JPG,800,533,field bindweed,596,450,650,484
_DSC1247.JPG,800,533,field bindweed,195,219,284,284
_DSC1247.JPG,800,533,field bindweed,18,434,126,525
_DSC1247.JPG,800,533,field bindweed,19,375,108,433
_DSC1248.JPG,800,533,field bindweed,416,55,528,152
_DSC1248.JPG,800,533,field bindweed,596,231,743,394
_DSC1248.JPG,800,533,field bindweed,654,166,713,210
_DSC1248.JPG,800,533,field bindweed,237,52,311,99
_DSC1248.JPG,800,533,field bindweed,247,97,287,165
_DSC1248.JPG,800,533,field bindweed,76,257,473,470
_DSC1248.JPG,800,533,sugar beet,41,1,173,61
_DSC1248.JPG,800,533,sugar beet,469,1,558,56
_DSC1248.JPG,800,533,field bindweed,273,145,312,184
_DSC1252.JPG,800,1200,field bindweed,273,803,416,941
_DSC1252.JPG,800,1200,field bindweed,273,956,394,1115
_DSC1252.JPG,800,1200,field bindweed,557,771,800,991
_DSC1252.JPG,800,1200,field bindweed,276,356,494,620
_DSC1252.JPG,800,1200,field bindweed,652,54,740,146
_DSC1256.JPG,800,1200,field bindweed,380,716,523,930
_DSC1256.JPG,800,1200,sugar beet,568,848,708,1085
_DSC1257.JPG,800,1200,field bindweed,299,535,446,635
_DSC1257.JPG,800,1200,field bindweed,1,872,103,961
_DSC1257.JPG,800,1200,field bindweed,352,1023,500,1146
_DSC1257.JPG,800,1200,sugar beet,632,597,800,735
_DSC1257.JPG,800,1200,field bindweed,666,718,800,908
_DSC1259.JPG,800,1200,sugar beet,510,6,766,242
_DSC1259.JPG,800,1200,sugar beet,301,805,680,1149
_DSC1259.JPG,800,1200,field bindweed,524,1092,698,1200
_DSC1259.JPG,800,1200,field bindweed,357,612,460,689
_DSC1259.JPG,800,1200,field bindweed,45,1,276,269
_DSC1263.JPG,800,1200,sugar beet,476,404,727,772
_DSC1263.JPG,800,1200,field bindweed,588,1044,684,1158
_DSC1263.JPG,800,1200,field bindweed,274,698,450,864
_DSC1263.JPG,800,1200,field bindweed,168,891,444,1055
_DSC1263.JPG,800,1200,field bindweed,689,1,796,138
_DSC1264.JPG,800,1200,sugar beet,408,682,680,1001
_DSC1264.JPG,800,1200,sugar beet,437,31,667,269
_DSC1264.JPG,800,1200,field bindweed,676,922,800,1077
_DSC1265.JPG,800,1200,sugar beet,358,538,587,865
_DSC1265.JPG,800,1200,field bindweed,501,858,796,1200
_DSC1266.JPG,800,533,field bindweed,385,235,431,300
_DSC1266.JPG,800,533,field bindweed,552,1,673,311
_DSC1267.JPG,800,533,sugar beet,423,248,554,349
_DSC1270.JPG,800,533,sugar beet,385,163,545,282
_DSC1270.JPG,800,533,sugar beet,1,151,92,230
_DSC1271.JPG,800,1200,sugar beet,428,745,737,1011
_DSC1271.JPG,800,1200,sugar beet,518,1,724,224
_DSC1272.JPG,800,533,sugar beet,477,89,662,206
_DSC1272.JPG,800,533,sugar beet,14,51,127,194
_DSC1273.JPG,800,533,field bindweed,323,1,491,414
_DSC1274.JPG,800,533,sugar beet,302,82,527,379
_DSC1275.JPG,800,533,sugar beet,228,1,498,232
_DSC1275.JPG,800,533,sugar beet,461,2,634,116
_DSC1276.JPG,800,533,sugar beet,1,66,98,295
_DSC1276.JPG,800,533,sugar beet,429,163,488,225
_DSC1276.JPG,800,533,field bindweed,256,158,396,297
_DSC1276.JPG,800,533,field bindweed,414,1,774,145
_DSC1277.JPG,800,533,sugar beet,212,80,457,321
_DSC1277.JPG,800,533,sugar beet,611,4,800,251
_DSC1278.JPG,800,533,sugar beet,16,158,190,368
_DSC1278.JPG,800,533,sugar beet,392,61,652,251
_DSC1279.JPG,800,1200,sugar beet,390,158,610,484
_DSC1279.JPG,800,1200,field bindweed,651,528,800,719
_DSC1280.JPG,800,533,field bindweed,519,61,666,186
_DSC1280.JPG,800,533,field bindweed,404,116,485,212
_DSC1280.JPG,800,533,field bindweed,234,97,401,225
_DSC1281.JPG,800,1200,field bindweed,414,652,598,1124
_DSC1282.JPG,800,1200,sugar beet,451,826,800,1060
_DSC1282.JPG,800,1200,sugar beet,450,28,767,388
_DSC1283.JPG,800,1200,sugar beet,143,689,544,921
_DSC1283.JPG,800,1200,field bindweed,554,522,800,1145
_DSC1284.JPG,800,533,sugar beet,361,132,640,322
_DSC1285.JPG,800,1200,field bindweed,160,508,356,761
_DSC1285.JPG,800,1200,field bindweed,336,574,437,675
_DSC1285.JPG,800,1200,field bindweed,351,685,526,934
_DSC1286.JPG,800,533,sugar beet,498,163,604,318
_DSC1286.JPG,800,533,field bindweed,429,33,529,120
_DSC1289.JPG,800,1200,sugar beet,296,579,608,878
_DSC1289.JPG,800,1200,field bindweed,228,654,478,911
_DSC1289.JPG,800,1200,field bindweed,697,604,800,780
_DSC1291.JPG,800,1200,sugar beet,371,526,667,976
_DSC1292.JPG,800,1200,sugar beet,47,246,528,508
_DSC1292.JPG,800,1200,sugar beet,210,1002,377,1200
_DSC1293.JPG,800,1200,sugar beet,267,674,590,1152
_DSC1293.JPG,800,1200,sugar beet,211,1,644,311
_DSC1294.JPG,800,533,sugar beet,387,32,626,351
_DSC1297.JPG,800,1200,sugar beet,334,542,564,714
_DSC1298.JPG,800,533,field bindweed,385,160,622,315
_DSC1299.JPG,800,1200,sugar beet,404,258,678,412
_DSC1299.JPG,800,1200,sugar beet,381,756,577,928
_DSC1300.JPG,800,1200,sugar beet,330,232,586,415
_DSC1300.JPG,800,1200,sugar beet,344,774,498,1022
_DSC1301.JPG,800,1200,sugar beet,323,728,501,949
_DSC1301.JPG,800,1200,sugar beet,374,155,537,391
_DSC1302.JPG,800,1200,sugar beet,223,461,561,775
_DSC1303.JPG,800,1200,field bindweed,483,676,686,922
_DSC1303.JPG,800,1200,field bindweed,4,454,230,869
_DSC1304.JPG,800,1200,field bindweed,164,594,384,846
_DSC1304.JPG,800,1200,sugar beet,453,521,800,892
_DSC1305.JPG,800,1200,sugar beet,290,626,550,842
_DSC1305.JPG,800,1200,sugar beet,308,1036,500,1200
_DSC1305.JPG,800,1200,sugar beet,381,1,563,101
_DSC1306.JPG,800,1200,sugar beet,256,795,503,1002
_DSC1307.JPG,800,1200,sugar beet,336,701,517,916
_DSC1307.JPG,800,1200,sugar beet,304,565,574,705
_DSC1307.JPG,800,1200,sugar beet,369,1,587,101
_DSC1308.JPG,800,1200,sugar beet,313,769,557,998
_DSC1309.JPG,800,533,sugar beet,321,101,453,266
_DSC1309.JPG,800,533,sugar beet,614,132,789,342
_DSC1310.JPG,800,1200,sugar beet,573,388,800,587
_DSC1310.JPG,800,1200,field bindweed,333,621,538,879
_DSC1312.JPG,800,533,sugar beet,173,111,253,272
_DSC1312.JPG,800,533,sugar beet,466,172,579,332
_DSC1314.JPG,800,533,sugar beet,435,178,543,330
_DSC1315.JPG,800,533,sugar beet,42,96,152,262
_DSC1315.JPG,800,533,sugar beet,319,126,465,347
_DSC1315.JPG,800,533,sugar beet,674,269,800,358
_DSC1316.JPG,800,1200,sugar beet,526,608,677,728
_DSC1316.JPG,800,1200,field bindweed,167,552,514,1004
_DSC1317.JPG,800,533,sugar beet,54,146,148,247
_DSC1317.JPG,800,533,sugar beet,329,186,407,299
_DSC1317.JPG,800,533,sugar beet,532,225,625,332
_DSC1318.JPG,800,1200,sugar beet,499,1,573,58
_DSC1318.JPG,800,1200,sugar beet,441,249,613,342
_DSC1318.JPG,800,1200,sugar beet,413,501,603,622
_DSC1318.JPG,800,1200,sugar beet,430,835,590,969
_DSC1320.JPG,800,1200,sugar beet,464,192,578,325
_DSC1320.JPG,800,1200,sugar beet,440,448,538,518
_DSC1320.JPG,800,1200,sugar beet,404,742,533,936
_DSC1322.JPG,800,1200,sugar beet,437,212,566,356
_DSC1322.JPG,800,1200,sugar beet,467,508,573,631
_DSC1322.JPG,800,1200,sugar beet,416,831,588,986
_DSC1323.JPG,800,1200,sugar beet,488,1,586,81
_DSC1323.JPG,800,1200,sugar beet,427,236,581,336
_DSC1323.JPG,800,1200,sugar beet,484,556,558,636
_DSC1323.JPG,800,1200,sugar beet,413,866,580,1021
_DSC1324.JPG,800,1200,sugar beet,446,19,561,125
_DSC1324.JPG,800,1200,sugar beet,426,266,563,375
_DSC1324.JPG,800,1200,sugar beet,427,539,547,654
_DSC1324.JPG,800,1200,sugar beet,393,822,557,958
_DSC1325.JPG,800,1200,sugar beet,434,9,597,111
_DSC1325.JPG,800,1200,sugar beet,453,258,574,398
_DSC1325.JPG,800,1200,sugar beet,431,594,568,704
_DSC1325.JPG,800,1200,sugar beet,400,899,541,1019
_DSC1326.JPG,800,1200,sugar beet,454,51,638,178
_DSC1326.JPG,800,1200,sugar beet,404,578,594,694
_DSC1327.JPG,800,1200,sugar beet,401,682,588,825
_DSC1327.JPG,800,1200,sugar beet,396,1024,554,1146
_DSC1328.JPG,800,1200,sugar beet,410,119,564,242
_DSC1328.JPG,800,1200,sugar beet,453,336,551,494
_DSC1329.JPG,800,1200,sugar beet,376,741,553,889
_DSC1329.JPG,800,1200,sugar beet,393,1072,513,1194
_DSC1329.JPG,800,1200,sugar beet,518,1,647,61
_DSC1330.JPG,800,1200,sugar beet,510,155,621,278
_DSC1330.JPG,800,1200,sugar beet,487,396,617,501
_DSC1330.JPG,800,1200,sugar beet,463,689,590,848
_DSC1331.JPG,800,1200,sugar beet,504,226,644,305
_DSC1331.JPG,800,1200,sugar beet,471,405,604,546
_DSC1331.JPG,800,1200,sugar beet,426,752,573,911
_DSC1331.JPG,800,1200,sugar beet,401,1064,541,1184
_DSC1332.JPG,800,1200,sugar beet,444,874,610,975
_DSC1333.JPG,800,533,sugar beet,1,217,126,352
_DSC1333.JPG,800,533,sugar beet,333,239,471,346
_DSC1333.JPG,800,533,sugar beet,600,258,735,378
_DSC1333.JPG,800,533,field bindweed,220,421,305,494
_DSC1334.JPG,800,533,field bindweed,438,326,521,475
_DSC1334.JPG,800,533,field bindweed,413,456,483,513
_DSC1335.JPG,800,1200,field bindweed,377,705,487,795
_DSC1335.JPG,800,1200,field bindweed,304,74,404,158
_DSC1336.JPG,800,1200,sugar beet,357,665,713,945
_DSC1336.JPG,800,1200,sugar beet,370,116,570,336
_DSC1337.JPG,800,533,sugar beet,553,365,740,533
_DSC1337.JPG,800,533,sugar beet,119,454,275,533
_DSC1337.JPG,800,533,field bindweed,407,265,498,318
_DSC1338.JPG,800,1200,sugar beet,420,755,534,896
_DSC1338.JPG,800,1200,sugar beet,396,1089,518,1200
_DSC1338.JPG,800,1200,sugar beet,430,455,544,542
_DSC1338.JPG,800,1200,sugar beet,408,1,513,111
_DSC1339.JPG,800,1200,sugar beet,454,525,640,758
_DSC1339.JPG,800,1200,sugar beet,510,1052,690,1200
_DSC1339.JPG,800,1200,sugar beet,456,28,713,182
_DSC1339.JPG,800,1200,field bindweed,333,589,628,869
_DSC1340.JPG,800,1200,sugar beet,474,478,737,735
_DSC1340.JPG,800,1200,sugar beet,536,1099,767,1200
_DSC1340.JPG,800,1200,sugar beet,476,1,664,146
_DSC1340.JPG,800,1200,field bindweed,443,788,551,884
_DSC1341.JPG,800,1200,sugar beet,248,32,436,249
_DSC1341.JPG,800,1200,sugar beet,231,559,443,808
_DSC1341.JPG,800,1200,field bindweed,538,661,647,766
_DSC1342.JPG,800,1200,sugar beet,341,35,521,234
_DSC1342.JPG,800,1200,sugar beet,337,502,566,779
_DSC1342.JPG,800,1200,sugar beet,363,1032,531,1195
_DSC1343.JPG,800,1200,field bindweed,426,645,506,781
_DSC1344.JPG,800,1200,sugar beet,315,1,574,258
_DSC1344.JPG,800,1200,sugar beet,380,522,571,794
_DSC1344.JPG,800,1200,field bindweed,567,576,704,799
_DSC1345.JPG,800,1200,sugar beet,428,591,687,918
_DSC1345.JPG,800,1200,sugar beet,347,65,667,349
_DSC1345.JPG,800,1200,field bindweed,424,656,494,729
_DSC1346.JPG,800,1200,sugar beet,243,735,467,884
_DSC1346.JPG,800,1200,sugar beet,278,276,348,362
_DSC1346.JPG,800,1200,field bindweed,26,124,100,211
_DSC1346.JPG,800,1200,field bindweed,20,485,130,574
_DSC1346.JPG,800,1200,field bindweed,401,4,590,281
_DSC1346.JPG,800,1200,field bindweed,504,814,583,936
_DSC1346.JPG,800,1200,field bindweed,411,534,800,807
_DSC1347.JPG,800,1200,field bindweed,67,12,268,129
_DSC1347.JPG,800,1200,field bindweed,488,8,553,65
_DSC1347.JPG,800,1200,field bindweed,333,146,408,208
_DSC1347.JPG,800,1200,field bindweed,286,216,348,296
_DSC1347.JPG,800,1200,field bindweed,404,716,508,802
_DSC1347.JPG,800,1200,field bindweed,547,499,630,589
_DSC1347.JPG,800,1200,field bindweed,551,935,673,1024
_DSC1348.JPG,800,1200,field bindweed,391,624,608,782
_DSC1348.JPG,800,1200,sugar beet,1,922,121,1129
_DSC1348.JPG,800,1200,field bindweed,697,771,753,832
_DSC1348.JPG,800,1200,field bindweed,471,55,654,271
_DSC1349.JPG,800,1200,field bindweed,324,726,491,945
_DSC1349.JPG,800,1200,field bindweed,647,1136,695,1200
_DSC1349.JPG,800,1200,field bindweed,470,505,550,586
_DSC1349.JPG,800,1200,field bindweed,521,666,566,731
_DSC1350.JPG,800,1200,field bindweed,417,518,524,859
_DSC1350.JPG,800,1200,field bindweed,63,1,170,151
_DSC1350.JPG,800,1200,field bindweed,1,564,148,758
_DSC1351.JPG,800,533,field bindweed,198,206,275,310
_DSC1351.JPG,800,533,field bindweed,1,156,162,280
_DSC1351.JPG,800,533,field bindweed,404,104,557,313
_DSC1351.JPG,800,533,field bindweed,597,233,657,309
_DSC1352.JPG,800,1200,field bindweed,480,488,646,988
_DSC1352.JPG,800,1200,field bindweed,381,1031,528,1135
_DSC1352.JPG,800,1200,field bindweed,341,442,514,576
_DSC1352.JPG,800,1200,sugar beet,341,532,600,735
_DSC1352.JPG,800,1200,sugar beet,327,51,511,245
_DSC1353.JPG,800,1200,field bindweed,216,592,471,754
_DSC1353.JPG,800,1200,field bindweed,380,704,574,888
_DSC1354.JPG,800,1200,field bindweed,186,6,394,251
_DSC1354.JPG,800,1200,sugar beet,378,644,557,802
_DSC1355.JPG,800,1200,sugar beet,511,154,733,379
_DSC1355.JPG,800,1200,field bindweed,373,472,550,629
_DSC1355.JPG,800,1200,field bindweed,341,629,603,1006
_DSC1355.JPG,800,1200,field bindweed,573,78,654,195
_DSC1356.JPG,800,1200,sugar beet,417,356,530,471
_DSC1356.JPG,800,1200,sugar beet,411,739,627,945
_DSC1356.JPG,800,1200,field bindweed,476,516,567,609
_DSC1357.JPG,800,1200,sugar beet,138,175,308,304
_DSC1357.JPG,800,1200,sugar beet,154,702,368,876
_DSC1358.JPG,800,533,field bindweed,403,320,542,449
_DSC1358.JPG,800,533,sugar beet,252,70,303,128
_DSC1358.JPG,800,533,sugar beet,705,1,797,118
_DSC1359.JPG,800,1200,sugar beet,287,245,528,435
_DSC1359.JPG,800,1200,sugar beet,340,599,524,826
_DSC1361.JPG,800,533,sugar beet,331,128,426,304
_DSC1361.JPG,800,533,sugar beet,528,112,626,240
_DSC1361.JPG,800,533,field bindweed,84,251,144,278
_DSC1363.JPG,800,533,field bindweed,467,88,573,289
_DSC1363.JPG,800,533,sugar beet,538,413,602,503
_DSC1363.JPG,800,533,sugar beet,149,414,240,533
_DSC1364.JPG,800,1200,field bindweed,104,718,354,939
_DSC1364.JPG,800,1200,field bindweed,431,699,484,825
_DSC1364.JPG,800,1200,field bindweed,437,561,466,639
_DSC1364.JPG,800,1200,sugar beet,534,911,673,971
_DSC1366.JPG,800,1200,sugar beet,110,822,326,1076
_DSC1366.JPG,800,1200,sugar beet,64,68,143,161
_DSC1366.JPG,800,1200,field bindweed,680,722,750,815
_DSC1366.JPG,800,1200,field bindweed,487,1095,574,1174
_DSC1366.JPG,800,1200,field bindweed,353,972,428,1062
_DSC1366.JPG,800,1200,field bindweed,177,526,303,692
_DSC1366.JPG,800,1200,field bindweed,361,509,547,728
_DSC1366.JPG,800,1200,field bindweed,463,419,651,595
_DSC1368.JPG,800,1200,sugar beet,341,9,481,136
_DSC1368.JPG,800,1200,sugar beet,428,622,556,765
_DSC1368.JPG,800,1200,field bindweed,336,424,451,601
_DSC1368.JPG,800,1200,sugar beet,367,346,511,466
_DSC1368.JPG,800,1200,field bindweed,368,681,445,764
_DSC1370.JPG,800,1200,field bindweed,431,551,504,649
_DSC1370.JPG,800,1200,field bindweed,634,781,726,885
_DSC1370.JPG,800,1200,field bindweed,396,911,497,994
_DSC1370.JPG,800,1200,field bindweed,708,1102,797,1189
_DSC1370.JPG,800,1200,field bindweed,343,1096,529,1200
_DSC1370.JPG,800,1200,field bindweed,21,781,150,911
_DSC1370.JPG,800,1200,field bindweed,23,181,134,296
_DSC1370.JPG,800,1200,sugar beet,6,1,153,159
_DSC1372.JPG,800,1200,field bindweed,431,826,571,928
_DSC1372.JPG,800,1200,field bindweed,628,1009,796,1182
_DSC1372.JPG,800,1200,field bindweed,117,126,210,286
_DSC1372.JPG,800,1200,field bindweed,303,69,431,375
_DSC1376.JPG,800,1200,sugar beet,156,216,276,361
_DSC1376.JPG,800,1200,sugar beet,76,746,280,956
_DSC1376.JPG,800,1200,sugar beet,171,4,287,129
_DSC1376.JPG,800,1200,field bindweed,276,358,531,765
_DSC1376.JPG,800,1200,field bindweed,558,4,643,259
_DSC1376.JPG,800,1200,field bindweed,594,712,758,978
_DSC1376.JPG,800,1200,field bindweed,374,849,596,1045
_DSC1376.JPG,800,1200,field bindweed,176,1016,354,1200
_DSC1380.JPG,800,1200,field bindweed,351,434,510,648
_DSC1380.JPG,800,1200,field bindweed,330,874,451,1019
_DSC1380.JPG,800,1200,field bindweed,626,578,723,691
_DSC1380.JPG,800,1200,sugar beet,93,489,237,706
_DSC1382.JPG,800,1200,sugar beet,291,602,598,856
_DSC1382.JPG,800,1200,sugar beet,362,1,587,234
_DSC1382.JPG,800,1200,field bindweed,633,2,800,166
_DSC1383.JPG,800,533,sugar beet,1,153,188,343
_DSC1383.JPG,800,533,sugar beet,390,202,543,393
_DSC1383.JPG,800,533,field bindweed,673,1,771,67
_DSC1384.JPG,800,533,field bindweed,403,244,537,400
_DSC1391.JPG,800,1200,field bindweed,593,714,800,827
_DSC1391.JPG,800,1200,field bindweed,164,894,243,958
_DSC1391.JPG,800,1200,field bindweed,423,938,481,981
_DSC1391.JPG,800,1200,field bindweed,458,301,518,375
_DSC1391.JPG,800,1200,field bindweed,330,141,451,188
_DSC1391.JPG,800,1200,sugar beet,317,212,464,324
_DSC1391.JPG,800,1200,sugar beet,333,621,511,826
_DSC1392.JPG,800,1200,sugar beet,304,626,528,891
_DSC1392.JPG,800,1200,sugar beet,348,92,606,318
_DSC1392.JPG,800,1200,field bindweed,520,126,610,264
_DSC1392.JPG,800,1200,field bindweed,653,445,728,536
_DSC1392.JPG,800,1200,field bindweed,444,332,563,518
_DSC1392.JPG,800,1200,field bindweed,60,491,154,579
_DSC1393.JPG,800,1200,sugar beet,304,566,554,786
_DSC1393.JPG,800,1200,field bindweed,407,981,510,1084
_DSC1394.JPG,800,1200,sugar beet,290,578,516,886
_DSC1394.JPG,800,1200,field bindweed,471,736,600,862
_DSC1394.JPG,800,1200,field bindweed,521,6,800,461
_DSC1394.JPG,800,1200,field bindweed,27,394,147,506
_DSC1394.JPG,800,1200,sugar beet,308,99,600,336
_DSC1397.JPG,800,533,sugar beet,372,163,482,283
_DSC1397.JPG,800,533,field bindweed,1,91,319,320
_DSC1397.JPG,800,533,field bindweed,673,82,736,155
_DSC1402.JPG,800,533,sugar beet,493,309,583,382
_DSC1402.JPG,800,533,sugar beet,616,301,682,365
_DSC1402.JPG,800,533,sugar beet,205,276,269,335
_DSC1402.JPG,800,533,sugar beet,65,233,129,307
_DSC1402.JPG,800,533,field bindweed,386,265,462,326
_DSC1402.JPG,800,533,field bindweed,430,216,484,272
_DSC1402.JPG,800,533,field bindweed,348,83,409,159
_DSC1402.JPG,800,533,field bindweed,195,401,272,461
_DSC1402.JPG,800,533,field bindweed,202,352,295,399
_DSC1402.JPG,800,533,field bindweed,594,395,616,432
_DSC1402.JPG,800,533,field bindweed,236,171,286,222
_DSC1402.JPG,800,533,field bindweed,159,207,195,251
_DSC1402.JPG,800,533,field bindweed,111,133,178,201
_DSC1402.JPG,800,533,field bindweed,31,71,64,105
_DSC1403.JPG,800,1200,sugar beet,198,646,307,755
_DSC1403.JPG,800,1200,sugar beet,418,618,536,716
_DSC1403.JPG,800,1200,sugar beet,598,631,720,732
_DSC1403.JPG,800,1200,field bindweed,578,222,680,526
_DSC1403.JPG,800,1200,field bindweed,250,452,316,548
_DSC1403.JPG,800,1200,sugar beet,487,72,634,221
_DSC1403.JPG,800,1200,sugar beet,308,126,368,188
_DSC1403.JPG,800,1200,sugar beet,750,95,800,184
_DSC1403.JPG,800,1200,field bindweed,627,9,731,199
_DSC1404.JPG,800,1200,sugar beet,211,614,317,726
_DSC1404.JPG,800,1200,sugar beet,428,625,536,721
_DSC1404.JPG,800,1200,sugar beet,603,665,711,786
_DSC1404.JPG,800,1200,sugar beet,567,111,724,246
_DSC1404.JPG,800,1200,field bindweed,274,445,357,545
_DSC1404.JPG,800,1200,field bindweed,133,478,170,559
_DSC1404.JPG,800,1200,field bindweed,646,405,784,566
_DSC1404.JPG,800,1200,field bindweed,337,679,384,791
_DSC1404.JPG,800,1200,field bindweed,274,332,323,382
_DSC1406.JPG,800,1200,field bindweed,151,726,250,841
_DSC1406.JPG,800,1200,field bindweed,1,859,80,976
_DSC1406.JPG,800,1200,field bindweed,456,532,578,645
_DSC1406.JPG,800,1200,field bindweed,456,682,548,742
_DSC1406.JPG,800,1200,field bindweed,504,835,578,901
_DSC1406.JPG,800,1200,field bindweed,166,528,313,636
_DSC1406.JPG,800,1200,field bindweed,303,412,368,481
_DSC1406.JPG,800,1200,field bindweed,1,379,167,519
_DSC1407.JPG,800,1200,field bindweed,208,755,367,881
_DSC1407.JPG,800,1200,field bindweed,357,556,460,672
_DSC1407.JPG,800,1200,field bindweed,427,731,500,824
_DSC1407.JPG,800,1200,field bindweed,18,182,130,328
_DSC1407.JPG,800,1200,sugar beet,1,601,103,765
_DSC1408.JPG,800,1200,sugar beet,377,512,590,876
_DSC1408.JPG,800,1200,field bindweed,457,105,800,351
_DSC1408.JPG,800,1200,sugar beet,359,9,458,85
_DSC1408.JPG,800,1200,field bindweed,319,75,404,167
_DSC1408.JPG,800,1200,field bindweed,1,38,60,166
_DSC1409.JPG,800,1200,field bindweed,496,525,624,635
_DSC1409.JPG,800,1200,field bindweed,380,571,483,714
_DSC1409.JPG,800,1200,field bindweed,273,152,536,472
_DSC1410.JPG,800,1200,field bindweed,240,706,443,845
_DSC1410.JPG,800,1200,field bindweed,324,518,478,692
_DSC1410.JPG,800,1200,field bindweed,407,326,487,439
_DSC1410.JPG,800,1200,field bindweed,606,1014,691,1094
_DSC1410.JPG,800,1200,field bindweed,147,942,223,1016
_DSC1412.JPG,800,1200,sugar beet,80,275,211,405
_DSC1412.JPG,800,1200,sugar beet,98,635,268,828
_DSC1412.JPG,800,1200,field bindweed,443,202,623,382
_DSC1412.JPG,800,1200,field bindweed,378,548,458,615
_DSC1412.JPG,800,1200,field bindweed,224,1051,366,1138
_DSC1412.JPG,800,1200,field bindweed,235,1138,491,1200
_DSC1412.JPG,800,1200,field bindweed,473,814,573,926
_DSC1413.JPG,800,533,field bindweed,345,49,507,513
_DSC1413.JPG,800,533,field bindweed,499,302,567,385
_DSC1413.JPG,800,533,field bindweed,4,321,67,366
_DSC1414.JPG,800,1200,sugar beet,323,439,553,709
_DSC1414.JPG,800,1200,sugar beet,400,1,530,62
_DSC1414.JPG,800,1200,field bindweed,561,1155,640,1200
_DSC1415.JPG,800,1200,sugar beet,276,588,494,752
_DSC1415.JPG,800,1200,field bindweed,467,648,541,802
_DSC1415.JPG,800,1200,sugar beet,410,1,524,151
_DSC1416.JPG,800,1200,field bindweed,331,712,696,1016
_DSC1416.JPG,800,1200,sugar beet,388,539,578,779
_DSC1416.JPG,800,1200,field bindweed,288,36,608,238
_DSC1417.JPG,800,1200,sugar beet,297,608,550,809
_DSC1418.JPG,800,1200,field bindweed,376,601,528,756
_DSC1418.JPG,800,1200,field bindweed,1,749,124,813
_DSC1419.JPG,800,1200,sugar beet,427,570,635,881
_DSC1419.JPG,800,1200,sugar beet,1,690,94,866
_DSC1420.JPG,800,1200,sugar beet,530,591,716,804
_DSC1421.JPG,800,1200,field bindweed,490,537,576,648
_DSC1422.JPG,800,1200,sugar beet,197,378,385,604
_DSC1422.JPG,800,1200,sugar beet,145,844,395,1066
_DSC1422.JPG,800,1200,sugar beet,200,5,357,170
_DSC1422.JPG,800,1200,field bindweed,65,48,137,167
_DSC1423.JPG,800,1200,sugar beet,432,684,652,876
_DSC1423.JPG,800,1200,sugar beet,484,1129,629,1200
_DSC1424.JPG,800,1200,field bindweed,400,562,504,700
_DSC1425.JPG,800,1200,field bindweed,298,629,397,882
_DSC1425.JPG,800,1200,field bindweed,210,1108,413,1200
_DSC1425.JPG,800,1200,sugar beet,347,685,611,862
_DSC1426.JPG,800,1200,sugar beet,425,596,644,811
_DSC1426.JPG,800,1200,sugar beet,432,1081,578,1200
_DSC1426.JPG,800,1200,sugar beet,441,138,617,305
_DSC1426.JPG,800,1200,field bindweed,614,114,754,286
_DSC1426.JPG,800,1200,field bindweed,378,103,451,197
_DSC1426.JPG,800,1200,field bindweed,85,282,388,461
_DSC1426.JPG,800,1200,field bindweed,40,530,108,639
_DSC1426.JPG,800,1200,field bindweed,703,453,754,527
_DSC1427.JPG,800,1200,sugar beet,165,47,319,172
_DSC1427.JPG,800,1200,sugar beet,16,396,161,544
_DSC1427.JPG,800,1200,field bindweed,141,753,227,843
_DSC1427.JPG,800,1200,field bindweed,636,658,708,753
_DSC1427.JPG,800,1200,field bindweed,489,501,542,580
_DSC1428.JPG,800,533,sugar beet,404,1,578,91
_DSC1428.JPG,800,533,sugar beet,448,266,617,358
_DSC1428.JPG,800,533,field bindweed,552,336,600,374
_DSC1428.JPG,800,533,field bindweed,236,11,286,56
_DSC1429.JPG,800,1200,field bindweed,174,258,263,372
_DSC1429.JPG,800,1200,field bindweed,452,1,664,182
_DSC1429.JPG,800,1200,field bindweed,114,29,175,87
_DSC1429.JPG,800,1200,field bindweed,193,1,303,72
_DSC1429.JPG,800,1200,field bindweed,27,533,71,585
_DSC1429.JPG,800,1200,field bindweed,356,639,542,765
_DSC1429.JPG,800,1200,field bindweed,380,742,606,1081
_DSC1429.JPG,800,1200,field bindweed,712,165,783,234
_DSC1429.JPG,800,1200,sugar beet,38,859,233,1071
_DSC1429.JPG,800,1200,sugar beet,561,799,764,1072
_DSC1430.JPG,800,1200,sugar beet,364,554,565,785
_DSC1430.JPG,800,1200,field bindweed,137,689,298,890
_DSC1430.JPG,800,1200,sugar beet,1,624,71,756
_DSC1430.JPG,800,1200,field bindweed,492,646,788,897
_DSC1430.JPG,800,1200,field bindweed,428,187,498,235
_DSC1431.JPG,800,1200,sugar beet,84,1,282,100
_DSC1431.JPG,800,1200,field bindweed,25,428,132,567
_DSC1431.JPG,800,1200,field bindweed,509,481,683,868
_DSC1431.JPG,800,1200,field bindweed,395,654,502,762
_DSC1432.JPG,800,1200,field bindweed,63,18,252,271
_DSC1432.JPG,800,1200,field bindweed,549,330,647,477
_DSC1432.JPG,800,1200,field bindweed,628,856,800,961
_DSC1432.JPG,800,1200,sugar beet,21,657,193,824
_DSC1432.JPG,800,1200,sugar beet,1,1066,145,1194
_DSC1432.JPG,800,1200,field bindweed,417,558,598,734
_DSC1432.JPG,800,1200,sugar beet,78,301,217,422
_DSC1433.JPG,800,1200,sugar beet,87,213,255,367
_DSC1433.JPG,800,1200,field bindweed,406,382,690,689
_DSC1434.JPG,800,1200,sugar beet,182,1009,306,1189
_DSC1434.JPG,800,1200,field bindweed,285,592,370,756
_DSC1434.JPG,800,1200,field bindweed,244,239,399,489
_DSC1434.JPG,800,1200,field bindweed,642,225,741,330
_DSC1434.JPG,800,1200,field bindweed,438,632,559,865
_DSC1434.JPG,800,1200,sugar beet,564,1089,782,1184
_DSC1435.JPG,800,533,sugar beet,225,19,349,123
_DSC1435.JPG,800,533,sugar beet,210,294,292,464
_DSC1435.JPG,800,533,field bindweed,292,220,439,272
_DSC1435.JPG,800,533,field bindweed,584,95,800,178
_DSC1435.JPG,800,533,field bindweed,587,396,695,519
_DSC1436.JPG,800,1200,sugar beet,449,611,756,843
_DSC1436.JPG,800,1200,field bindweed,352,719,404,813
_DSC1437.JPG,800,1200,sugar beet,287,168,463,367
_DSC1437.JPG,800,1200,sugar beet,374,675,533,995
_DSC1437.JPG,800,1200,field bindweed,402,563,504,673
_DSC1438.JPG,800,1200,sugar beet,303,177,461,323
_DSC1438.JPG,800,1200,sugar beet,299,587,552,833
_DSC1439.JPG,800,1200,sugar beet,309,668,485,880
_DSC1439.JPG,800,1200,sugar beet,282,1,466,180
_DSC1440.JPG,800,1200,sugar beet,380,692,550,918
_DSC1441.JPG,800,1200,field bindweed,312,567,584,920
_DSC1442.JPG,800,1200,sugar beet,413,665,606,865
_DSC1443.JPG,800,1200,sugar beet,165,123,337,314
_DSC1443.JPG,800,1200,sugar beet,640,105,800,312
_DSC1443.JPG,800,1200,field bindweed,644,604,800,738
_DSC1443.JPG,800,1200,field bindweed,269,522,416,678
_DSC1444.JPG,800,1200,sugar beet,309,280,504,418
_DSC1444.JPG,800,1200,sugar beet,336,668,494,833
_DSC1444.JPG,800,1200,field bindweed,387,795,516,884
_DSC1444.JPG,800,1200,field bindweed,494,1127,603,1200
_DSC1445.JPG,800,1200,sugar beet,366,147,668,451
_DSC1445.JPG,800,1200,sugar beet,370,538,628,782
_DSC1445.JPG,800,1200,sugar beet,346,1054,549,1200
_DSC1446.JPG,800,533,sugar beet,1,186,73,304
_DSC1446.JPG,800,533,sugar beet,294,198,422,287
_DSC1446.JPG,800,533,sugar beet,608,131,741,251
_DSC1446.JPG,800,533,field bindweed,486,274,549,325
_DSC1446.JPG,800,533,field bindweed,637,18,719,113
_DSC1447.JPG,800,533,sugar beet,349,173,558,305
_DSC1447.JPG,800,533,sugar beet,737,136,800,250
_DSC1448.JPG,800,1200,sugar beet,414,10,604,182
_DSC1448.JPG,800,1200,sugar beet,351,395,532,596
_DSC1448.JPG,800,1200,sugar beet,379,887,608,1070
_DSC1449.JPG,800,1200,sugar beet,340,47,649,235
_DSC1449.JPG,800,1200,sugar beet,397,472,588,651
_DSC1449.JPG,800,1200,sugar beet,350,852,598,1119
_DSC1449.JPG,800,1200,field bindweed,155,28,306,153
_DSC1450.JPG,800,1200,sugar beet,349,397,614,644
_DSC1450.JPG,800,1200,sugar beet,259,899,588,1113
_DSC1450.JPG,800,1200,field bindweed,38,789,193,973
_DSC1451.JPG,800,1200,field bindweed,530,551,621,643
_DSC1451.JPG,800,1200,field bindweed,384,761,445,803
_DSC1452.JPG,800,1200,sugar beet,394,514,551,763
_DSC1452.JPG,800,1200,field bindweed,321,559,394,642
_DSC1452.JPG,800,1200,sugar beet,428,80,544,177
_DSC1453.JPG,800,1200,sugar beet,357,544,516,689
_DSC1453.JPG,800,1200,sugar beet,426,1015,551,1144
_DSC1453.JPG,800,1200,field bindweed,544,251,690,329
_DSC1454.JPG,800,1200,sugar beet,326,495,546,725
_DSC1454.JPG,800,1200,sugar beet,388,130,488,247
_DSC1454.JPG,800,1200,sugar beet,357,1108,422,1170
_DSC1455.JPG,800,1200,sugar beet,350,500,608,766
_DSC1455.JPG,800,1200,sugar beet,488,1062,603,1200
_DSC1455.JPG,800,1200,sugar beet,344,75,526,271
_DSC1456.JPG,800,1200,sugar beet,330,394,547,604
_DSC1456.JPG,800,1200,sugar beet,349,911,584,1051
_DSC1456.JPG,800,1200,sugar beet,392,3,622,171
_DSC1456.JPG,800,1200,field bindweed,273,568,317,618
_DSC1457.JPG,800,1200,sugar beet,344,530,547,743
_DSC1457.JPG,800,1200,sugar beet,382,171,606,338
_DSC1457.JPG,800,1200,field bindweed,618,1013,679,1080
_DSC1459.JPG,800,1200,sugar beet,373,534,521,637
_DSC1459.JPG,800,1200,sugar beet,383,910,595,1197
_DSC1459.JPG,800,1200,sugar beet,456,162,517,253
_DSC1459.JPG,800,1200,field bindweed,407,134,482,258
_DSC1460.JPG,800,1200,field bindweed,321,565,526,743
_DSC1460.JPG,800,1200,field bindweed,260,1,332,49
_DSC1461.JPG,800,533,sugar beet,734,152,784,206
_DSC1461.JPG,800,533,sugar beet,587,357,656,418
_DSC1461.JPG,800,533,sugar beet,495,475,556,533
_DSC1461.JPG,800,533,sugar beet,670,284,695,315
_DSC1461.JPG,800,533,sugar beet,1,43,59,96
_DSC1461.JPG,800,533,field bindweed,164,306,316,359
_DSC1461.JPG,800,533,field bindweed,341,169,419,261
_DSC1461.JPG,800,533,field bindweed,437,283,458,312
_DSC1461.JPG,800,533,field bindweed,336,481,379,531
_DSC1461.JPG,800,533,field bindweed,585,17,608,61
_DSC1467.JPG,800,1200,field bindweed,85,897,794,1188
_DSC1467.JPG,800,1200,field bindweed,383,714,524,814
_DSC1467.JPG,800,1200,field bindweed,1,38,207,442
_DSC1468.JPG,800,1200,field bindweed,479,642,636,1089
_DSC1469.JPG,800,1200,field bindweed,191,883,606,1200
_DSC1469.JPG,800,1200,sugar beet,272,403,743,1024
_DSC1470.JPG,800,1200,sugar beet,405,647,582,938
_DSC1471.JPG,800,1200,sugar beet,286,569,591,880
_DSC1471.JPG,800,1200,field bindweed,410,864,760,1195
_DSC1471.JPG,800,1200,field bindweed,696,561,800,702
_DSC1474.JPG,800,1200,sugar beet,229,713,638,1144
_DSC1474.JPG,800,1200,field bindweed,211,1056,425,1200
_DSC1474.JPG,800,1200,field bindweed,429,533,696,674
_DSC1477.JPG,800,1200,field bindweed,202,567,313,672
_DSC1477.JPG,800,1200,field bindweed,626,828,774,1006
_DSC1477.JPG,800,1200,field bindweed,440,956,607,1117
_DSC1477.JPG,800,1200,field bindweed,241,833,454,1035
_DSC1477.JPG,800,1200,field bindweed,347,560,674,870
_DSC1477.JPG,800,1200,field bindweed,483,1,679,99
_DSC1479.JPG,800,1200,field bindweed,391,1058,553,1200
_DSC1479.JPG,800,1200,field bindweed,710,919,800,1088
_DSC1479.JPG,800,1200,field bindweed,201,908,357,1050
_DSC1479.JPG,800,1200,field bindweed,460,589,729,770
_DSC1479.JPG,800,1200,field bindweed,1,626,101,769
_DSC1479.JPG,800,1200,field bindweed,347,105,558,399
_DSC1479.JPG,800,1200,field bindweed,574,94,800,380
_DSC1482.JPG,800,533,field bindweed,407,270,699,388
_DSC1482.JPG,800,533,field bindweed,240,122,331,203
_DSC1483.JPG,800,1200,field bindweed,203,678,577,1200
_DSC1483.JPG,800,1200,field bindweed,416,10,800,541
_DSC1484.JPG,800,1200,field bindweed,405,886,622,1180
_DSC1484.JPG,800,1200,field bindweed,1,913,291,1185
_DSC1484.JPG,800,1200,sugar beet,90,510,590,886
_DSC1486.JPG,800,533,sugar beet,444,389,573,524
_DSC1486.JPG,800,533,field bindweed,318,276,388,350
_DSC1486.JPG,800,533,field bindweed,455,261,515,332
_DSC1486.JPG,800,533,field bindweed,535,259,665,330
_DSC1486.JPG,800,533,field bindweed,261,1,431,55
_DSC1486.JPG,800,533,field bindweed,727,1,800,86
_DSC1486.JPG,800,533,field bindweed,28,270,151,346
_DSC1486.JPG,800,533,field bindweed,1,355,59,427
_DSC1486.JPG,800,533,field bindweed,1,450,54,515
_DSC1489.JPG,800,1200,sugar beet,1,674,119,822
_DSC1489.JPG,800,1200,field bindweed,382,349,526,586
_DSC1489.JPG,800,1200,field bindweed,304,619,415,670
_DSC1489.JPG,800,1200,field bindweed,655,635,788,866
_DSC1489.JPG,800,1200,field bindweed,516,911,583,986
_DSC1489.JPG,800,1200,field bindweed,260,1052,346,1130
_DSC1491.JPG,800,533,sugar beet,104,198,175,304
_DSC1491.JPG,800,533,sugar beet,407,235,513,326
_DSC1491.JPG,800,533,sugar beet,713,282,800,373
_DSC1491.JPG,800,533,field bindweed,349,409,568,533
_DSC1491.JPG,800,533,field bindweed,1,243,339,499
_DSC1491.JPG,800,533,field bindweed,461,142,586,230
_DSC1491.JPG,800,533,field bindweed,371,67,410,110
_DSC1492.JPG,800,1200,field bindweed,551,710,713,1094
_DSC1492.JPG,800,1200,field bindweed,654,238,796,485
_DSC1492.JPG,800,1200,sugar beet,276,591,415,677
_DSC1492.JPG,800,1200,sugar beet,235,1055,316,1130
_DSC1492.JPG,800,1200,sugar beet,255,125,461,239
_DSC1492.JPG,800,1200,field bindweed,288,234,348,309
_DSC1493.JPG,800,533,field bindweed,271,157,437,286
_DSC1493.JPG,800,533,field bindweed,483,182,693,355
_DSC1493.JPG,800,533,field bindweed,415,111,569,179
_DSC1493.JPG,800,533,sugar beet,145,48,247,146
_DSC1494.JPG,800,533,sugar beet,370,200,513,410
_DSC1494.JPG,800,533,field bindweed,50,346,134,385
_DSC1497.JPG,800,533,sugar beet,1,210,117,334
_DSC1497.JPG,800,533,sugar beet,308,162,437,324
_DSC1497.JPG,800,533,field bindweed,685,161,800,314
_DSC1497.JPG,800,533,field bindweed,518,169,669,294
_DSC1497.JPG,800,533,field bindweed,454,134,495,204
_DSC1500.JPG,800,1200,sugar beet,157,463,483,711
_DSC1500.JPG,800,1200,sugar beet,204,105,426,420
_DSC1500.JPG,800,1200,field bindweed,255,613,336,699
_DSC1500.JPG,800,1200,field bindweed,535,417,708,595
_DSC1500.JPG,800,1200,field bindweed,601,797,729,911
_DSC1500.JPG,800,1200,field bindweed,491,903,590,1038
_DSC1500.JPG,800,1200,field bindweed,376,81,438,147
_DSC1501.JPG,800,533,sugar beet,440,219,520,352
_DSC1501.JPG,800,533,sugar beet,125,244,205,324
_DSC1501.JPG,800,533,sugar beet,745,210,800,343
_DSC1501.JPG,800,533,field bindweed,648,193,692,243
_DSC1501.JPG,800,533,field bindweed,514,177,561,227
_DSC1501.JPG,800,533,field bindweed,360,15,454,124
_DSC1501.JPG,800,533,field bindweed,478,97,503,129
_DSC1501.JPG,800,533,field bindweed,62,42,149,119
_DSC1501.JPG,800,533,field bindweed,9,195,70,265
_DSC1501.JPG,800,533,field bindweed,1,124,45,186
_DSC1502.JPG,800,533,sugar beet,327,287,432,466
_DSC1502.JPG,800,533,sugar beet,617,286,745,390
_DSC1502.JPG,800,533,field bindweed,328,48,487,130
_DSC1502.JPG,800,533,field bindweed,454,135,549,251
_DSC1502.JPG,800,533,field bindweed,518,229,561,309
_DSC1502.JPG,800,533,field bindweed,621,47,710,134
_DSC1502.JPG,800,533,field bindweed,563,143,578,174
_DSC1502.JPG,800,533,field bindweed,40,427,87,483
_DSC1503.JPG,800,1200,field bindweed,479,395,575,503
_DSC1503.JPG,800,1200,field bindweed,490,600,608,773
_DSC1503.JPG,800,1200,sugar beet,283,70,430,249
_DSC1503.JPG,800,1200,sugar beet,306,684,469,857
_DSC1503.JPG,800,1200,sugar beet,349,1144,488,1200
_DSC1504.JPG,800,1200,field bindweed,376,587,789,872
_DSC1504.JPG,800,1200,field bindweed,299,539,437,658
_DSC1504.JPG,800,1200,field bindweed,535,329,625,430
_DSC1504.JPG,800,1200,field bindweed,744,349,800,455
_DSC1504.JPG,800,1200,field bindweed,1,370,97,505
_DSC1504.JPG,800,1200,sugar beet,174,1054,281,1200
_DSC1504.JPG,800,1200,sugar beet,556,1119,718,1200
_DSC1504.JPG,800,1200,sugar beet,683,1,799,91
_DSC1505.JPG,800,1200,sugar beet,380,668,573,843
_DSC1505.JPG,800,1200,sugar beet,429,112,535,240
_DSC1505.JPG,800,1200,field bindweed,412,118,494,213
_DSC1506.JPG,800,533,sugar beet,336,134,471,303
_DSC1506.JPG,800,533,sugar beet,19,170,133,276
_DSC1506.JPG,800,533,field bindweed,714,197,800,289
_DSC1507.JPG,800,533,sugar beet,351,195,546,316
_DSC1507.JPG,800,533,sugar beet,4,74,161,316
_DSC1508.JPG,800,533,sugar beet,427,97,569,326
_DSC1508.JPG,800,533,sugar beet,105,200,196,292
_DSC1508.JPG,800,533,field bindweed,54,1,155,105
_DSC1509.JPG,800,533,sugar beet,84,210,221,366
_DSC1509.JPG,800,533,sugar beet,466,211,609,369
_DSC1509.JPG,800,533,field bindweed,65,344,127,398
_DSC1510.JPG,800,533,sugar beet,96,190,201,301
_DSC1510.JPG,800,533,sugar beet,387,130,518,322
_DSC1510.JPG,800,533,field bindweed,717,283,782,339
_DSC1511.JPG,800,533,sugar beet,373,190,496,318
_DSC1511.JPG,800,533,sugar beet,44,200,197,336
_DSC1512.JPG,800,533,sugar beet,405,146,530,327
_DSC1512.JPG,800,533,field bindweed,238,31,284,95
_DSC1512.JPG,800,533,sugar beet,759,195,800,333
_DSC1514.JPG,800,533,field bindweed,395,265,438,284
_DSC1514.JPG,800,533,sugar beet,491,110,638,259
_DSC1514.JPG,800,533,sugar beet,145,214,272,328
_DSC1514.JPG,800,533,sugar beet,754,32,800,126
_DSC1516.JPG,800,1200,field bindweed,418,663,545,1090
_DSC1516.JPG,800,1200,sugar beet,1,922,128,1077
_DSC1516.JPG,800,1200,sugar beet,7,541,208,715
_DSC1516.JPG,800,1200,sugar beet,122,1,317,147
_DSC1517.JPG,800,533,sugar beet,400,166,562,278
_DSC1517.JPG,800,533,sugar beet,78,104,205,275
_DSC1518.JPG,800,533,sugar beet,345,173,528,345
_DSC1518.JPG,800,533,sugar beet,1,133,119,315
_DSC1519.JPG,800,533,sugar beet,97,142,258,330
_DSC1519.JPG,800,533,sugar beet,380,161,556,366
_DSC1520.JPG,800,533,sugar beet,55,164,166,314
_DSC1520.JPG,800,533,sugar beet,368,186,460,303
_DSC1522.JPG,800,1200,sugar beet,280,132,535,314
_DSC1522.JPG,800,1200,sugar beet,268,576,482,827
_DSC1525.JPG,800,1200,sugar beet,382,578,495,803
_DSC1525.JPG,800,1200,sugar beet,346,4,568,185
_DSC1530.JPG,800,1200,sugar beet,356,116,507,266
_DSC1530.JPG,800,1200,sugar beet,311,577,599,729
_DSC1530.JPG,800,1200,sugar beet,342,1094,476,1200
